-- MySQL Script generated by MySQL Workbench
-- Fri Aug  5 10:15:13 2022
-- Model: New Model    Version: 1.0
-- MySQL Workbench Forward Engineering

SET @OLD_UNIQUE_CHECKS=@@UNIQUE_CHECKS, UNIQUE_CHECKS=0;
SET @OLD_FOREIGN_KEY_CHECKS=@@FOREIGN_KEY_CHECKS, FOREIGN_KEY_CHECKS=0;
SET @OLD_SQL_MODE=@@SQL_MODE, SQL_MODE='ONLY_FULL_GROUP_BY,STRICT_TRANS_TABLES,NO_ZERO_IN_DATE,NO_ZERO_DATE,ERROR_FOR_DIVISION_BY_ZERO,NO_ENGINE_SUBSTITUTION';

-- -----------------------------------------------------
-- Schema mydb
-- -----------------------------------------------------
-- -----------------------------------------------------
-- Schema testowa
-- -----------------------------------------------------

-- -----------------------------------------------------
-- Schema testowa
-- -----------------------------------------------------
CREATE SCHEMA IF NOT EXISTS `testowa` DEFAULT CHARACTER SET utf8 COLLATE utf8_polish_ci ;
USE `testowa` ;

-- -----------------------------------------------------
-- Table `testowa`.`status_zamowienia`
-- -----------------------------------------------------
CREATE TABLE IF NOT EXISTS `testowa`.`status_zamowienia` (
  `id` INT NOT NULL,
  `nazwa` VARCHAR(45) NOT NULL,
  PRIMARY KEY (`id`),
  UNIQUE INDEX `nazwa_UNIQUE` (`nazwa` ASC))
ENGINE = InnoDB;


-- -----------------------------------------------------
-- Table `testowa`.`zamowienie`
-- -----------------------------------------------------
CREATE TABLE IF NOT EXISTS `testowa`.`zamowienie` (
  `id` INT(11) NOT NULL AUTO_INCREMENT,
  `status_zamowienia_id` INT NOT NULL,
  `created_at` DATETIME NOT NULL DEFAULT current_timestamp(),
  `modified_at` DATETIME NOT NULL DEFAULT current_timestamp() ON UPDATE current_timestamp() COMMENT 'Data i godzina utwożenia zamówienia',
  PRIMARY KEY (`id`),
  INDEX `fk_zamowienia_status_zamowienia_idx` (`status_zamowienia_id` ASC),
  CONSTRAINT `fk_zamowienia_status_zamowienia`
    FOREIGN KEY (`status_zamowienia_id`)
    REFERENCES `testowa`.`status_zamowienia` (`id`)
    ON DELETE NO ACTION
    ON UPDATE NO ACTION)
ENGINE = InnoDB
DEFAULT CHARACTER SET = utf8
COLLATE = utf8_polish_ci;


-- -----------------------------------------------------
-- Table `testowa`.`danie_podstawowe`
-- -----------------------------------------------------
CREATE TABLE IF NOT EXISTS `testowa`.`danie_podstawowe` (
  `id` INT NOT NULL,
  `nazwa` VARCHAR(45) NOT NULL,
  `cena_netto` INT NOT NULL,
  `stawka_vat` INT NOT NULL COMMENT 'Stawka podatku VAT wyrażona w procentach',
  PRIMARY KEY (`id`))
ENGINE = InnoDB;


-- -----------------------------------------------------
-- Table `testowa`.`dodatek`
-- -----------------------------------------------------
CREATE TABLE IF NOT EXISTS `testowa`.`dodatek` (
  `id` INT NOT NULL,
  `nazwa` VARCHAR(45) NOT NULL,
  `cena_netto` INT NOT NULL,
  `stawka_vat` INT NOT NULL COMMENT 'Stawka podatku VAT wyrażona w procentach',
  PRIMARY KEY (`id`))
ENGINE = InnoDB;


-- -----------------------------------------------------
-- Table `testowa`.`pozycja_zamowienia`
-- -----------------------------------------------------
CREATE TABLE IF NOT EXISTS `testowa`.`pozycja_zamowienia` (
  `zamowienie_id` INT(11) NOT NULL,
  `danie_podstawowe_id` INT NOT NULL,
  INDEX `fk_pozycja_zamowienia_danie_podstawowe1_idx` (`danie_podstawowe_id` ASC),
  INDEX `fk_pozycja_zamowienia_zamowienie1_idx` (`zamowienie_id` ASC),
  CONSTRAINT `fk_pozycja_zamowienia_danie_podstawowe1`
    FOREIGN KEY (`danie_podstawowe_id`)
    REFERENCES `testowa`.`danie_podstawowe` (`id`)
    ON DELETE NO ACTION
    ON UPDATE NO ACTION,
  CONSTRAINT `fk_pozycja_zamowienia_zamowienie1`
    FOREIGN KEY (`zamowienie_id`)
    REFERENCES `testowa`.`zamowienie` (`id`)
    ON DELETE NO ACTION
    ON UPDATE NO ACTION)
ENGINE = InnoDB;


SET SQL_MODE=@OLD_SQL_MODE;
SET FOREIGN_KEY_CHECKS=@OLD_FOREIGN_KEY_CHECKS;
SET UNIQUE_CHECKS=@OLD_UNIQUE_CHECKS;

-- -----------------------------------------------------
-- Data for table `testowa`.`status_zamowienia`
-- -----------------------------------------------------
START TRANSACTION;
USE `testowa`;
INSERT INTO `testowa`.`status_zamowienia` (`id`, `nazwa`) VALUES (1, 'w trakcie składania');
INSERT INTO `testowa`.`status_zamowienia` (`id`, `nazwa`) VALUES (2, 'oczekujące na płatność');
INSERT INTO `testowa`.`status_zamowienia` (`id`, `nazwa`) VALUES (3, 'opłacone');
INSERT INTO `testowa`.`status_zamowienia` (`id`, `nazwa`) VALUES (4, 'anulowane');

COMMIT;


-- -----------------------------------------------------
-- Data for table `testowa`.`zamowienie`
-- -----------------------------------------------------
START TRANSACTION;
USE `testowa`;
INSERT INTO `testowa`.`zamowienie` (`id`, `status_zamowienia_id`, `created_at`, `modified_at`) VALUES (1, 1, DEFAULT, DEFAULT);
INSERT INTO `testowa`.`zamowienie` (`id`, `status_zamowienia_id`, `created_at`, `modified_at`) VALUES (2, 2, DEFAULT, DEFAULT);
INSERT INTO `testowa`.`zamowienie` (`id`, `status_zamowienia_id`, `created_at`, `modified_at`) VALUES (3, 4, DEFAULT, DEFAULT);

COMMIT;


-- -----------------------------------------------------
-- Data for table `testowa`.`danie_podstawowe`
-- -----------------------------------------------------
START TRANSACTION;
USE `testowa`;
INSERT INTO `testowa`.`danie_podstawowe` (`id`, `nazwa`, `cena_netto`, `stawka_vat`) VALUES (1, 'jasne z szynką', 10, 23);
INSERT INTO `testowa`.`danie_podstawowe` (`id`, `nazwa`, `cena_netto`, `stawka_vat`) VALUES (2, 'ciemne z szynką', 10, 8);
INSERT INTO `testowa`.`danie_podstawowe` (`id`, `nazwa`, `cena_netto`, `stawka_vat`) VALUES (3, 'jasne z serem', 8, 23);
INSERT INTO `testowa`.`danie_podstawowe` (`id`, `nazwa`, `cena_netto`, `stawka_vat`) VALUES (4, 'ciemne z serem', 8, 8);
INSERT INTO `testowa`.`danie_podstawowe` (`id`, `nazwa`, `cena_netto`, `stawka_vat`) VALUES (5, 'jasne z bekonem', 9, 23);
INSERT INTO `testowa`.`danie_podstawowe` (`id`, `nazwa`, `cena_netto`, `stawka_vat`) VALUES (6, 'ciemne z bekonem', 9, 23);
INSERT INTO `testowa`.`danie_podstawowe` (`id`, `nazwa`, `cena_netto`, `stawka_vat`) VALUES (7, 'jasne z kurczakiem', 14, 8);
INSERT INTO `testowa`.`danie_podstawowe` (`id`, `nazwa`, `cena_netto`, `stawka_vat`) VALUES (8, 'ciemne z kurczakiem', 14, 8);
INSERT INTO `testowa`.`danie_podstawowe` (`id`, `nazwa`, `cena_netto`, `stawka_vat`) VALUES (9, 'jasne z indykiem', 12, 15);
INSERT INTO `testowa`.`danie_podstawowe` (`id`, `nazwa`, `cena_netto`, `stawka_vat`) VALUES (10, 'ciemne z indykiem', 12, 15);

COMMIT;


-- -----------------------------------------------------
-- Data for table `testowa`.`pozycja_zamowienia`
-- -----------------------------------------------------
START TRANSACTION;
USE `testowa`;
INSERT INTO `testowa`.`pozycja_zamowienia` (`zamowienie_id`, `danie_podstawowe_id`) VALUES (1, 1);
INSERT INTO `testowa`.`pozycja_zamowienia` (`zamowienie_id`, `danie_podstawowe_id`) VALUES (1, 2);
INSERT INTO `testowa`.`pozycja_zamowienia` (`zamowienie_id`, `danie_podstawowe_id`) VALUES (2, 3);
INSERT INTO `testowa`.`pozycja_zamowienia` (`zamowienie_id`, `danie_podstawowe_id`) VALUES (3, 4);

COMMIT;

